Wall time,Step,Value
1607128928.250291,1,0.8228920698165894
1607138272.1741188,2,0.8273404836654663
1607147722.3624802,3,0.8326873779296875
1607156939.5860558,4,0.8358144760131836
1607164913.379607,5,0.8365984559059143
1607173369.9532564,6,0.8381928205490112
1607181810.0878038,7,0.8384835124015808
1607190273.3313677,8,0.8378316760063171
1607198721.5582361,9,0.8393731713294983
1607207150.5144243,10,0.8404126167297363
1607215588.8926227,11,0.8407561182975769
1607223997.789724,12,0.8397871851921082
1607232442.6776493,13,0.8403597474098206
1607240885.106556,14,0.8409587144851685
1607247564.5389566,15,0.8409059047698975
1607252607.0654285,16,0.841927707195282
1607257650.8882787,17,0.8423945307731628
1607262691.5003643,18,0.8424385786056519
