Wall time,Step,Value
1607129535.9384084,1,0.8330132961273193
1607139530.021925,2,0.8406240344047546
1607149538.4416316,3,0.8470720052719116
1607167598.4420729,4,0.849238932132721
1607176473.4615662,5,0.8518815636634827
1607185288.6580117,6,0.8551231622695923
1607194109.466093,7,0.8569201231002808
1607202955.2642899,8,0.8570258021354675
1607211801.5805247,9,0.8579331040382385
1607220676.4856532,10,0.8589725494384766
1607229496.9738526,11,0.859633207321167
1607238316.2055783,12,0.8604435920715332
1607246201.6022747,13,0.8595187067985535
1607251362.779074,14,0.8623462915420532
1607256496.9870803,15,0.8620732426643372
1607261628.1110616,16,0.8636764287948608
