Wall time,Step,Value
1607304451.8502994,1,0.8410115838050842
1607311562.887413,2,0.8462527990341187
1607318677.4140153,3,0.850190281867981
1607325870.7914815,4,0.8528328537940979
1607333664.4187858,5,0.8534935116767883
1607342567.3365386,6,0.8543744087219238
1607351568.1246443,7,0.8556780815124512
